Epoch,Train_Loss,Val_Loss,Train_Acc,Val_Acc
1,1.2035,1.2325,52.95,52.04
2,1.1863,1.2412,52.81,52.02
3,1.1844,1.2452,53.30,50.77
4,1.1926,1.2525,53.62,50.84
5,1.1877,1.2304,53.68,50.94
6,1.1899,1.2291,54.50,51.52
7,1.1861,1.2254,55.22,51.09
8,1.1764,1.2124,55.41,51.30
9,1.1531,1.2026,55.51,51.43
10,1.1653,1.1892,56.46,51.58
11,1.1632,1.1898,56.57,51.59
12,1.1581,1.1916,57.19,51.69
13,1.1456,1.1887,57.68,52.07
14,1.1190,1.1764,57.45,52.65
15,1.1426,1.1758,57.72,53.11
16,1.1379,1.1663,57.81,53.03
17,1.1218,1.1793,58.12,53.28
18,1.1176,1.1723,58.54,53.37
19,1.1068,1.1567,58.54,53.60
20,1.0967,1.1556,59.03,53.63
21,1.1074,1.1366,59.09,53.74
22,1.0582,1.1289,58.94,54.64
23,1.0456,1.0987,60.00,55.38
24,1.0436,1.0892,60.66,55.44
25,1.0469,1.0698,60.68,55.70
26,1.0360,1.0782,61.12,55.87
27,1.0289,1.0855,61.55,56.60
28,1.0238,1.0845,61.69,56.50
29,1.0286,1.0704,61.80,56.58
30,1.0124,1.0734,62.28,57.04
31,1.0070,1.0640,62.38,57.40
32,1.0142,1.0482,62.97,57.70
33,0.9951,1.0433,63.39,57.22
34,0.9844,1.0490,64.20,57.70
35,0.9955,1.0437,64.79,58.47
36,0.9967,1.0313,65.11,59.09
37,0.9707,1.0315,65.35,58.96
38,0.9644,1.0265,65.69,59.22
39,0.9492,0.9989,65.88,59.69
40,0.9378,0.9953,66.03,59.71
41,0.9277,1.0020,66.25,60.18
42,0.9375,0.9756,66.14,60.73
43,0.9505,0.9628,66.19,61.03
44,0.9326,0.9596,66.00,61.52
45,0.9288,0.9540,65.98,61.60
46,0.9190,0.9391,66.38,62.44
47,0.9110,0.9454,66.78,62.61
48,0.8907,0.9312,66.84,62.57
49,0.8737,0.9430,66.84,62.36
50,0.8745,0.9164,66.66,62.25
51,0.8567,0.9191,67.13,63.14
52,0.8645,0.9341,67.36,63.19
53,0.8587,0.9584,67.22,63.33
54,0.8653,0.9396,67.68,63.72
55,0.8511,0.9124,68.14,63.69
56,0.8289,0.9101,68.36,64.49
57,0.8211,0.9160,68.42,64.69
58,0.8142,0.8974,68.94,65.46
59,0.8052,0.8786,69.06,65.67
60,0.8009,0.8548,69.70,66.16
61,0.8067,0.8288,70.58,66.85
62,0.7793,0.8254,70.95,67.05
63,0.7867,0.8355,71.50,67.32
64,0.7663,0.8373,71.74,67.96
65,0.7802,0.8373,72.46,68.47
66,0.7742,0.8240,72.58,68.56
67,0.7453,0.8277,72.71,68.64
68,0.7432,0.8256,73.20,68.46
69,0.7599,0.8129,73.53,68.94
70,0.7547,0.7944,73.08,69.16
71,0.7393,0.7940,72.83,69.06
72,0.7279,0.7899,73.32,69.77
73,0.7256,0.7796,73.71,69.60
74,0.7148,0.7726,74.30,70.51
75,0.7242,0.7677,74.65,70.43
76,0.7299,0.7634,74.87,70.83
77,0.7212,0.7627,74.74,71.00
78,0.6973,0.7495,75.56,71.05
79,0.6816,0.7286,75.60,71.28
80,0.6888,0.7224,75.53,71.64
81,0.6601,0.7410,76.27,71.54
82,0.6690,0.7070,76.01,72.01
83,0.6523,0.6960,76.77,72.17
84,0.6637,0.6939,77.36,72.82
85,0.6528,0.6983,77.54,73.12
86,0.6493,0.6866,77.46,73.60
87,0.6382,0.6567,77.66,73.38
88,0.6303,0.6494,77.85,73.73
89,0.6172,0.6496,77.66,74.30
90,0.6078,0.6422,78.50,74.80
91,0.5979,0.6322,78.70,74.95
92,0.5757,0.6162,78.75,75.35
93,0.5682,0.6104,79.26,75.57
94,0.5611,0.6163,79.73,75.20
95,0.5550,0.6207,80.04,75.62
96,0.5613,0.6407,80.15,76.33
97,0.5548,0.6436,80.31,76.60
98,0.5447,0.6247,80.69,76.88
99,0.5230,0.6189,80.99,76.93
100,0.5137,0.6029,82.12,77.46
101,0.4939,0.5903,82.73,77.53
102,0.5150,0.5808,82.83,77.95
103,0.4996,0.5732,83.24,78.20
104,0.5067,0.5654,83.36,78.40
105,0.5063,0.5374,83.84,78.53
106,0.4836,0.5411,83.84,79.38
107,0.4847,0.5369,83.75,79.96
108,0.4776,0.5145,84.03,79.96
109,0.4780,0.5270,84.21,79.27
110,0.4763,0.5187,84.54,79.49
111,0.4672,0.5243,84.95,79.86
112,0.4620,0.5296,85.08,80.25
113,0.4711,0.5113,85.36,80.49
114,0.4467,0.5106,85.87,80.52
115,0.4192,0.5030,86.30,81.54
116,0.3960,0.4774,86.68,81.19
117,0.4007,0.4904,86.40,81.79
118,0.3929,0.4720,86.80,81.68
119,0.3822,0.4721,86.74,81.81
120,0.3632,0.4658,87.25,81.90
121,0.3528,0.4613,87.64,82.53
122,0.3304,0.4365,88.35,83.32
123,0.3301,0.4344,87.90,84.09
124,0.3446,0.4295,87.94,83.68
125,0.3544,0.4211,88.41,83.93
126,0.3430,0.4099,88.63,84.44
127,0.3294,0.3977,88.96,85.02
128,0.3243,0.3943,89.08,85.27
129,0.3199,0.3792,89.39,85.43
130,0.3104,0.3957,89.77,85.77
131,0.3020,0.3757,90.15,86.53
132,0.3109,0.3605,90.95,86.74
133,0.3036,0.3404,91.27,87.72
134,0.2879,0.3452,91.67,88.06
135,0.2915,0.3399,92.09,87.94
136,0.2734,0.3426,92.72,88.07
137,0.2751,0.3388,92.23,88.08
138,0.2682,0.3255,92.06,88.76
139,0.2527,0.3284,92.36,88.71
140,0.2520,0.3289,92.46,89.16
141,0.2311,0.3237,92.43,89.55
142,0.2246,0.3035,91.91,89.64
143,0.2223,0.3056,92.47,89.72
144,0.2242,0.2967,92.52,90.74
145,0.2209,0.2813,93.39,90.74
146,0.2029,0.2596,93.96,90.77
147,0.2004,0.2532,94.31,91.00
148,0.2070,0.2530,94.07,91.03
149,0.2031,0.2603,94.50,90.91
150,0.2087,0.2554,95.31,90.77
